{"cameraMode":{"drawMode":0,"name":"Shaded","section":"Shading Mode"},"sceneLighting":true,"audioPlay":false,"sceneViewState":{"showFog":true,"showMaterialUpdate":false,"showSkybox":true,"showFlares":true,"showImageEffects":true,"showParticleSystems":true,"showVisualEffectGraphs":true,"m_FxEnabled":true},"in2DMode":false,"pivot":{"x":1.1817779541015626,"y":-3.0774898529052736,"z":0.5945401191711426},"rotation":{"x":-0.07401680946350098,"y":0.9077239036560059,"z":-0.18099172413349152,"w":-0.3712148070335388},"size":3.2940151691436769,"orthographic":false}