{"cameraMode":{"drawMode":0,"name":"Shaded","section":"Shading Mode"},"sceneLighting":true,"audioPlay":false,"sceneViewState":{"showFog":true,"showMaterialUpdate":false,"showSkybox":true,"showFlares":true,"showImageEffects":true,"showParticleSystems":true,"showVisualEffectGraphs":true,"m_FxEnabled":true},"in2DMode":false,"pivot":{"x":-0.33067119121551516,"y":0.7018051147460938,"z":6.216000556945801},"rotation":{"x":-0.05428219214081764,"y":0.005089439917355776,"z":-0.000276783510344103,"w":-0.9985135793685913},"size":5.604796409606934,"orthographic":false}